{"00000000004NPJ309R854DFMDY": 1762601686.4428732, "0000000000S61QZDN5PH1N963A": 1762601686.4849725, "000000000051RXRPX6XKAP9JJJ": 1762601686.4919553, "0000000000P5E72Z4P2AW4E2PW": 1762601686.4969409, "0000000000ZJDBNVPGPD58445K": 1762601686.5029242, "00000000005766DGZW0ZHFC44Y": 1762601686.5099142, "0000000000BV48RDVG1ZYK3DWM": 1762601686.5158913, "00000000003C06JTHHJPTHB6KC": 1762601686.5379114, "0000000000MTYYJ71R1QC7F46Z": 1762601686.5438673, "0000000000B9QG6FJWZQQYXHZM": 1762601686.5495825, "0000000000CX8354J0PDRAZDG4": 1762601686.5675397, "0000000000MRSS2SW6WWGZ1N6M": 1762601686.5835392, "00000000004C5ZHB3WMZ04TDZX": 1762601686.5886939, "0000000000TXZTEJANA0ESTJJN": 1762601686.5946808, "0000000000270JC4S554VG3Y6Q": 1762601686.6006644, "0000000000P5GAWQDYP62BJVRN": 1762601686.6076736, "0000000000QQEJHQ5TNVP876EN": 1762601686.6136389, "0000000000M7ZG0AX959997701": 1762601686.630988, "0000000000M5KCYFRY15KBMWPE": 1762601686.635974, "0000000000RTJAVFDFT3GPR8HV": 1762601686.6419587, "0000000000GVMM1X7D0GJPZQY4": 1762601686.6627657, "00000000007P8HP6V7GX37XDAW": 1762601686.6687503, "0000000000RJV4778QSV7WV8TN": 1762601686.6737597, "0000000000BX9F44VJDM1QD61F": 1762601686.6797202, "000000000004GSCTJC25B3FQ20": 1762601686.6857326, "00000000001XMK6F4RCZH4KJ47": 1762601686.6926856, "0000000000A44KEZ8ZAG8AA8KZ": 1762601686.6986716, "0000000000AM98TCGKQKJVABVC": 1762601686.7036562, "00000000003E31C6MHRDCG0MS5": 1762601686.7096405, "0000000000YZ2EB3BAWHMM90KS": 1762601686.7146523, "00000000004AV816HG60C8JM2X": 1762601686.7206104, "0000000000QEDZBR99C04Y4380": 1762601686.7265954, "00000000000X4HCRX9J3A72YA0": 1762601686.731726, "000000000002054MK02MCQ3837": 1762601686.7377098, "0000000000KX46K2K54B33BM5E": 1762601686.7427247, "0000000000S5E86H38TRQGDWPK": 1762601686.7487082, "00000000003BEH3FHKJXR6F1J7": 1762601686.7541714, "000000000048AB54TBVZNDR2A2": 1762601686.770543, "0000000000JQ9Z3GQMCMKTP98W": 1762601686.7878523, "0000000000WRGDY8MJH9DJCBTH": 1762601686.817626, "00000000002MK2WCM1AVR5ASXJ": 1762601686.832261, "0000000000622V5NC5CHRGZ226": 1762601686.837248, "0000000000CPE9KZX0ZKY788YX": 1762601686.8432322, "0000000000MRVYCNT5J9PWM5WY": 1762601686.8502364, "0000000000CMN89NNPMSQ0DCGY": 1762601686.855012, "00000000004C2MB0MFHX50P40B": 1762601686.8609958, "00000000000CRX2EW0DASWBYQR": 1762601686.8669798, "0000000000DPK5NZSQRBYBTK8T": 1762601686.8729358, "00000000002PWZ0JM9KTTD1X9K": 1762601686.87892, "0000000000M1PR85508F24G87D": 1762601686.884905, "00000000006V879PRB854JRMRC": 1762601686.8918858, "00000000003DEN22VKEDGZGQTH": 1762601686.8988898, "0000000000SY3YQDJPW8V9HP55": 1762601686.9058502, "0000000000SX6P2K1M10707Y4R": 1762601686.910834, "0000000000K10GJJWZ552HEYAQ": 1762601686.9168196, "0000000000EHP6QZFT98VBC8EM": 1762601686.9228032, "00000000001K42CX0Z59D8R632": 1762601686.9413354, "00000000003C9BTBEFSD4TZFEW": 1762601686.9573913, "0000000000P98RQCPRQQCJ6008": 1762601686.963375, "00000000007X73TZSQB59FQGWJ": 1762601687.0034852, "00000000006WPGKD39M28PE0KY": 1762601687.0194707, "0000000000GRZ6QRHD0Q76FN3S": 1762601687.025479, "0000000000XGR6681JE4KAMGQ4": 1762601687.0314357, "0000000000PRN1KS2Y7GM21N1M": 1762601687.0374267, "00000000003BK1SMHBEN2G61SY": 1762601687.066382, "0000000000BT9RWPHJMY4DN332": 1762601687.0824056, "0000000000R6VC49F6XR5EHH19": 1762601687.0873892, "0000000000C64J8BJZEH5NV39Z": 1762601687.0933528, "0000000000NR3CCX0Y463M456Z": 1762601844.782032, "0000000000CJ9WR43T7P19JENH": 1762601845.8128846, "0000000000R23DGRJ3NVTY9A5Q": 1762601846.342437, "0000000000DZ5HRKSVMVC8GVX3": 1762601846.8612683}