{"00000000004NPJ309R854DFMDY": 1763018806.3596542, "0000000000S61QZDN5PH1N963A": 1763018806.422392, "000000000051RXRPX6XKAP9JJJ": 1763018806.4518845, "0000000000P5E72Z4P2AW4E2PW": 1763018806.4578705, "0000000000ZJDBNVPGPD58445K": 1763018806.4643345, "00000000005766DGZW0ZHFC44Y": 1763018806.4702942, "0000000000BV48RDVG1ZYK3DWM": 1763018806.4992757, "00000000003C06JTHHJPTHB6KC": 1763018806.5058558, "0000000000MTYYJ71R1QC7F46Z": 1763018806.5305977, "0000000000B9QG6FJWZQQYXHZM": 1763018806.5354366, "0000000000CX8354J0PDRAZDG4": 1763018806.5414228, "0000000000MRSS2SW6WWGZ1N6M": 1763018806.5484042, "00000000004C5ZHB3WMZ04TDZX": 1763018806.5543234, "0000000000TXZTEJANA0ESTJJN": 1763018806.5602798, "0000000000270JC4S554VG3Y6Q": 1763018806.5659149, "0000000000P5GAWQDYP62BJVRN": 1763018806.5920086, "0000000000QQEJHQ5TNVP876EN": 1763018806.5978234, "0000000000M7ZG0AX959997701": 1763018806.6045492, "0000000000M5KCYFRY15KBMWPE": 1763018806.6105027, "0000000000RTJAVFDFT3GPR8HV": 1763018806.6168876, "0000000000GVMM1X7D0GJPZQY4": 1763018806.6391065, "00000000007P8HP6V7GX37XDAW": 1763018806.645063, "0000000000RJV4778QSV7WV8TN": 1763018806.6510453, "0000000000BX9F44VJDM1QD61F": 1763018806.670038, "000000000004GSCTJC25B3FQ20": 1763018806.676037, "00000000001XMK6F4RCZH4KJ47": 1763018806.6820211, "0000000000A44KEZ8ZAG8AA8KZ": 1763018806.6879776, "0000000000AM98TCGKQKJVABVC": 1763018806.6939995, "00000000003E31C6MHRDCG0MS5": 1763018806.7009816, "0000000000YZ2EB3BAWHMM90KS": 1763018806.707972, "00000000004AV816HG60C8JM2X": 1763018806.713948, "0000000000QEDZBR99C04Y4380": 1763018806.7209287, "00000000000X4HCRX9J3A72YA0": 1763018806.7259154, "000000000002054MK02MCQ3837": 1763018806.7309015, "0000000000KX46K2K54B33BM5E": 1763018806.7370806, "0000000000S5E86H38TRQGDWPK": 1763018806.7430642, "00000000003BEH3FHKJXR6F1J7": 1763018806.7490773, "000000000048AB54TBVZNDR2A2": 1763018806.7535505, "0000000000JQ9Z3GQMCMKTP98W": 1763018806.7790897, "0000000000WRGDY8MJH9DJCBTH": 1763018806.7850752, "00000000002MK2WCM1AVR5ASXJ": 1763018806.7900538, "0000000000622V5NC5CHRGZ226": 1763018806.7970133, "0000000000CPE9KZX0ZKY788YX": 1763018806.802002, "0000000000MRVYCNT5J9PWM5WY": 1763018806.8080113, "0000000000CMN89NNPMSQ0DCGY": 1763018806.8139677, "00000000004C2MB0MFHX50P40B": 1763018806.820961, "00000000000CRX2EW0DASWBYQR": 1763018806.8263516, "0000000000DPK5NZSQRBYBTK8T": 1763018806.8323114, "00000000002PWZ0JM9KTTD1X9K": 1763018806.8557575, "0000000000M1PR85508F24G87D": 1763018806.8617313, "00000000006V879PRB854JRMRC": 1763018806.867718, "00000000003DEN22VKEDGZGQTH": 1763018806.873672, "0000000000SY3YQDJPW8V9HP55": 1763018806.8786583, "0000000000SX6P2K1M10707Y4R": 1763018806.8836448, "0000000000K10GJJWZ552HEYAQ": 1763018806.8906553, "0000000000EHP6QZFT98VBC8EM": 1763018806.8966105, "00000000001K42CX0Z59D8R632": 1763018806.9186456, "00000000003C9BTBEFSD4TZFEW": 1763018806.924629, "0000000000P98RQCPRQQCJ6008": 1763018806.9305851, "0000000000PRN1KS2Y7GM21N1M": 1763018807.0269482, "00000000003BK1SMHBEN2G61SY": 1763018807.033929, "0000000000BT9RWPHJMY4DN332": 1763018807.0389156, "0000000000R6VC49F6XR5EHH19": 1763018807.057892, "0000000000C64J8BJZEH5NV39Z": 1763018807.0638485, "0000000000NR3CCX0Y463M456Z": 1763018964.8078477, "0000000000CJ9WR43T7P19JENH": 1763018965.837472, "0000000000R23DGRJ3NVTY9A5Q": 1763018966.3684378, "0000000000DZ5HRKSVMVC8GVX3": 1763018966.898601, "0000000000SXHTEFQ0J5GE6ADF": 1763018983.4500957, "000000000062CWWE9CPHQMXX5F": 1763018983.4561634, "00000000007X73TZSQB59FQGWJ": 1763018983.4631467, "00000000006WPGKD39M28PE0KY": 1763018983.4681342, "0000000000GRZ6QRHD0Q76FN3S": 1763018983.4977098, "0000000000XGR6681JE4KAMGQ4": 1763018983.5046916, "0000000000AZMRKH4HWGFGYPBZ": 1763018987.803595, "0000000000253C8NM2XY1XPBCC": 1763019007.868455, "00000000004KEQHX0Z1KFPE1BK": 1763019008.1155748, "0000000000Y2W9XTCQFYWKQWX7": 1763019043.2338858, "0000000000J9MAQM594TS9FXYJ": 1763019051.8110669, "0000000000X6KQH2QND8XQNH7B": 1763019052.3279257, "0000000000WWBE47M80W7MERR1": 1763019052.8317885, "00000000007PZQHQHTJ0DZ2Q9H": 1763019064.6467385, "000000000097SYSD60NRJEPSP2": 1763019064.6517568, "0000000000589NDK5J8XWBPKX2": 1763019064.6577106, "0000000000K9ESAR574D6PEVSV": 1763019074.5916362, "0000000000YX1C4JT4QP87YSXH": 1763019075.1738667, "000000000041XNRJ9J9STTJSPX": 1763019075.9253185, "0000000000C80GZP2AXHXZAY04": 1763019076.5207725, "0000000000FY2DTFNYA0VPRSXW": 1763019077.0488238, "0000000000M0PN5909KY2XWNVB": 1763019077.6384366, "0000000000MYHM5Z5THEW8WJTH": 1763019078.1737654, "0000000000RDQESJB6ZZQWEX32": 1763019078.7371435, "00000000007889E0PZJX89VDZW": 1763019079.2835636, "00000000005T9TSEM4ZV44Y0N3": 1763019079.797738, "0000000000R98B3EJY1HS1YXM7": 1763019080.3131785, "0000000000FDGZEEKVCYVC9XXW": 1763019080.8275814, "0000000000E984YZWZ78ZEY6X0": 1763019081.408791, "00000000008FNPZ7E17HXYVT06": 1763019081.950904, "000000000078315RWPC57Z2V97": 1763019082.4659786, "0000000000KJAJBCV7QC48C664": 1763019083.0001998, "0000000000EH7J5PE9T2387DC0": 1763019083.5346107, "0000000000K2FBYCW7VMH13G8X": 1763019084.048758, "0000000000MXQSKZ7XNNB392F0": 1763019084.5821767, "0000000000SCED49FTPP5DD9BT": 1763019085.20672, "0000000000KXDBXY5864C66TZ1": 1763019085.814977, "0000000000KWF67V6CKQV6AMZX": 1763019086.4225585, "0000000000BN1W3G8V3DKZ0Z8R": 1763019086.951028, "0000000000FPRPEGFWSEWCNNYG": 1763019087.7322729, "0000000000MW25T4X4M5ZW00PA": 1763019088.3256264, "0000000000YWXXDZHYRVRQH8CH": 1763019088.9497857, "0000000000EGQVAMTSC9ASM306": 1763019089.4796286, "000000000054BK017WB90B9RWV": 1763019089.9931998, "0000000000APWGMNTXFXFNZPYV": 1763019090.5273607, "00000000004QDJMV0PE61G9TGA": 1763019091.0888197, "0000000000GDD3B6HT2H4C56MM": 1763019091.6039293, "0000000000PEH4GC8BVT3N120B": 1763019092.1182387, "0000000000VBCYR2GM4GMA6W6S": 1763019092.6513002, "0000000000CC09K6MKR67CHEG7": 1763019093.225448, "0000000000B3KH3GDAWR0MZ5Y8": 1763019093.7853432, "0000000000H2T4DZDAGGX82BKD": 1763019094.3324826, "00000000002GN6VMCFQPDZVEGK": 1763019094.895397, "0000000000QF7M1QZZFW1WHN6E": 1763019095.4649444, "000000000039WD8P022NYJ0Q0Z": 1763019095.9853363, "0000000000385MR61FCMY5B38Z": 1763019096.5340512, "00000000006Z82M2GARJ9ZB04K": 1763019097.0712657, "0000000000S2MKF14V1HA8ZSJ4": 1763019097.6452978, "0000000000GHB4V8QHSKPXC9S2": 1763019098.1668882, "0000000000HJ7PS2D9AJCJZVWM": 1763019098.700577, "0000000000A4MC416VK3A3DEDY": 1763019099.278164, "0000000000FGG4JJ1P0TM5RYG2": 1763019099.8057373, "0000000000DN4HWP8Q8F4EQ872": 1763019100.3202183, "0000000000BN3HMPP9Z71ZFM3C": 1763019100.9132597, "0000000000S7CGVCYE2Y4Y4C8S": 1763019101.4917502, "0000000000MP5H5FVS127315GP": 1763019119.8849857}