{"00000000004NPJ309R854DFMDY": 1762754976.685305, "0000000000S61QZDN5PH1N963A": 1762754976.731182, "000000000051RXRPX6XKAP9JJJ": 1762754976.7491357, "0000000000P5E72Z4P2AW4E2PW": 1762754976.7656925, "0000000000ZJDBNVPGPD58445K": 1762754976.7771034, "00000000005766DGZW0ZHFC44Y": 1762754976.794058, "0000000000BV48RDVG1ZYK3DWM": 1762754976.8061678, "00000000003C06JTHHJPTHB6KC": 1762754976.8191342, "0000000000MTYYJ71R1QC7F46Z": 1762754976.8291073, "0000000000B9QG6FJWZQQYXHZM": 1762754976.861021, "0000000000CX8354J0PDRAZDG4": 1762754976.8749843, "0000000000MRSS2SW6WWGZ1N6M": 1762754976.888947, "00000000004C5ZHB3WMZ04TDZX": 1762754976.890941, "0000000000TXZTEJANA0ESTJJN": 1762754976.9019113, "0000000000270JC4S554VG3Y6Q": 1762754976.9178689, "0000000000P5GAWQDYP62BJVRN": 1762754976.923854, "0000000000QQEJHQ5TNVP876EN": 1762754976.9318316, "0000000000M7ZG0AX959997701": 1762754976.9378164, "0000000000M5KCYFRY15KBMWPE": 1762754976.946792, "0000000000RTJAVFDFT3GPR8HV": 1762754976.9677358, "0000000000GVMM1X7D0GJPZQY4": 1762754976.9787066, "00000000007P8HP6V7GX37XDAW": 1762754977.009624, "0000000000RJV4778QSV7WV8TN": 1762754977.016605, "0000000000BX9F44VJDM1QD61F": 1762754977.024584, "000000000004GSCTJC25B3FQ20": 1762754977.0325625, "00000000001XMK6F4RCZH4KJ47": 1762754977.04852, "0000000000A44KEZ8ZAG8AA8KZ": 1762754977.0505147, "0000000000AM98TCGKQKJVABVC": 1762754977.1502476, "00000000003E31C6MHRDCG0MS5": 1762754977.1801674, "0000000000YZ2EB3BAWHMM90KS": 1762754977.1921349, "00000000004AV816HG60C8JM2X": 1762754977.202108, "0000000000QEDZBR99C04Y4380": 1762754977.2080932, "00000000000X4HCRX9J3A72YA0": 1762754977.215074, "000000000002054MK02MCQ3837": 1762754977.2220552, "0000000000KX46K2K54B33BM5E": 1762754977.231032, "0000000000S5E86H38TRQGDWPK": 1762754977.2430005, "00000000003BEH3FHKJXR6F1J7": 1762754977.251975, "000000000048AB54TBVZNDR2A2": 1762754977.2629461, "0000000000JQ9Z3GQMCMKTP98W": 1762754977.2709265, "0000000000WRGDY8MJH9DJCBTH": 1762754977.2749145, "00000000002MK2WCM1AVR5ASXJ": 1762754977.282893, "0000000000622V5NC5CHRGZ226": 1762754977.292866, "0000000000CPE9KZX0ZKY788YX": 1762754977.3088229, "0000000000MRVYCNT5J9PWM5WY": 1762754977.3158047, "0000000000CMN89NNPMSQ0DCGY": 1762754977.3227859, "00000000004C2MB0MFHX50P40B": 1762754977.3277721, "00000000000CRX2EW0DASWBYQR": 1762754977.3347552, "0000000000DPK5NZSQRBYBTK8T": 1762754977.346723, "00000000002PWZ0JM9KTTD1X9K": 1762754977.3527057, "0000000000M1PR85508F24G87D": 1762754977.3706594, "00000000006V879PRB854JRMRC": 1762754977.3776388, "00000000003DEN22VKEDGZGQTH": 1762754977.3846214, "0000000000SY3YQDJPW8V9HP55": 1762754977.3916016, "0000000000SX6P2K1M10707Y4R": 1762754977.3985825, "0000000000K10GJJWZ552HEYAQ": 1762754977.4045668, "0000000000EHP6QZFT98VBC8EM": 1762754977.4115481, "00000000001K42CX0Z59D8R632": 1762754977.4185293, "00000000003C9BTBEFSD4TZFEW": 1762754977.4255106, "0000000000P98RQCPRQQCJ6008": 1762754977.437479, "0000000000SXHTEFQ0J5GE6ADF": 1762754977.445458, "000000000062CWWE9CPHQMXX5F": 1762754977.4574254, "00000000007X73TZSQB59FQGWJ": 1762754977.4673984, "00000000006WPGKD39M28PE0KY": 1762754977.472386, "0000000000GRZ6QRHD0Q76FN3S": 1762754977.4993134, "0000000000XGR6681JE4KAMGQ4": 1762754977.5202572, "0000000000PRN1KS2Y7GM21N1M": 1762754977.5302305, "00000000003BK1SMHBEN2G61SY": 1762754977.5372121, "0000000000BT9RWPHJMY4DN332": 1762754977.544194, "0000000000R6VC49F6XR5EHH19": 1762754977.5531702, "0000000000C64J8BJZEH5NV39Z": 1762754977.5591533, "0000000000NR3CCX0Y463M456Z": 1762755139.0464275, "0000000000CJ9WR43T7P19JENH": 1762755140.0743344, "0000000000R23DGRJ3NVTY9A5Q": 1762755140.5870695, "0000000000DZ5HRKSVMVC8GVX3": 1762755141.1023211}