{"00000000004NPJ309R854DFMDY": 1763107616.6277447, "0000000000S61QZDN5PH1N963A": 1763107616.6626418, "000000000051RXRPX6XKAP9JJJ": 1763107616.68868, "0000000000P5E72Z4P2AW4E2PW": 1763107616.7233818, "0000000000ZJDBNVPGPD58445K": 1763107616.739966, "00000000005766DGZW0ZHFC44Y": 1763107616.760538, "0000000000BV48RDVG1ZYK3DWM": 1763107616.785702, "00000000003C06JTHHJPTHB6KC": 1763107616.800923, "0000000000MTYYJ71R1QC7F46Z": 1763107616.8243961, "0000000000B9QG6FJWZQQYXHZM": 1763107616.8443496, "0000000000CX8354J0PDRAZDG4": 1763107616.86686, "0000000000MRSS2SW6WWGZ1N6M": 1763107616.8905253, "00000000004C5ZHB3WMZ04TDZX": 1763107616.91888, "0000000000TXZTEJANA0ESTJJN": 1763107616.94611, "0000000000270JC4S554VG3Y6Q": 1763107616.960187, "0000000000P5GAWQDYP62BJVRN": 1763107616.977741, "0000000000QQEJHQ5TNVP876EN": 1763107616.993747, "0000000000M7ZG0AX959997701": 1763107617.0104156, "0000000000M5KCYFRY15KBMWPE": 1763107617.0295653, "0000000000RTJAVFDFT3GPR8HV": 1763107617.0398562, "0000000000GVMM1X7D0GJPZQY4": 1763107617.058135, "00000000007P8HP6V7GX37XDAW": 1763107617.0804667, "0000000000RJV4778QSV7WV8TN": 1763107617.0959058, "0000000000BX9F44VJDM1QD61F": 1763107617.1129775, "000000000004GSCTJC25B3FQ20": 1763107617.1346533, "00000000001XMK6F4RCZH4KJ47": 1763107617.150685, "0000000000A44KEZ8ZAG8AA8KZ": 1763107617.173502, "0000000000AM98TCGKQKJVABVC": 1763107617.188648, "00000000003E31C6MHRDCG0MS5": 1763107617.2103868, "0000000000YZ2EB3BAWHMM90KS": 1763107617.2249415, "00000000004AV816HG60C8JM2X": 1763107617.2445743, "0000000000QEDZBR99C04Y4380": 1763107617.265488, "00000000000X4HCRX9J3A72YA0": 1763107617.2767806, "000000000002054MK02MCQ3837": 1763107617.2938893, "0000000000KX46K2K54B33BM5E": 1763107617.3120382, "0000000000S5E86H38TRQGDWPK": 1763107617.3305387, "00000000003BEH3FHKJXR6F1J7": 1763107617.3474753, "000000000048AB54TBVZNDR2A2": 1763107617.3616984, "0000000000JQ9Z3GQMCMKTP98W": 1763107617.3733387, "0000000000WRGDY8MJH9DJCBTH": 1763107617.3921154, "00000000002MK2WCM1AVR5ASXJ": 1763107617.4376466, "0000000000622V5NC5CHRGZ226": 1763107617.4485734, "0000000000CPE9KZX0ZKY788YX": 1763107617.4578931, "0000000000MRVYCNT5J9PWM5WY": 1763107617.4802718, "0000000000CMN89NNPMSQ0DCGY": 1763107617.4920683, "00000000004C2MB0MFHX50P40B": 1763107617.5137684, "00000000000CRX2EW0DASWBYQR": 1763107617.5330029, "0000000000DPK5NZSQRBYBTK8T": 1763107617.5464716, "00000000002PWZ0JM9KTTD1X9K": 1763107617.559081, "0000000000M1PR85508F24G87D": 1763107617.5700536, "00000000006V879PRB854JRMRC": 1763107617.5805154, "00000000003DEN22VKEDGZGQTH": 1763107617.591789, "0000000000SY3YQDJPW8V9HP55": 1763107617.6037369, "0000000000SX6P2K1M10707Y4R": 1763107617.614541, "0000000000K10GJJWZ552HEYAQ": 1763107617.6264112, "0000000000EHP6QZFT98VBC8EM": 1763107617.639957, "00000000001K42CX0Z59D8R632": 1763107617.6509113, "00000000003C9BTBEFSD4TZFEW": 1763107617.661352, "0000000000P98RQCPRQQCJ6008": 1763107617.6721494, "0000000000SXHTEFQ0J5GE6ADF": 1763107617.6846583, "000000000062CWWE9CPHQMXX5F": 1763107617.6946938, "00000000007X73TZSQB59FQGWJ": 1763107617.705612, "00000000006WPGKD39M28PE0KY": 1763107617.7166007, "0000000000GRZ6QRHD0Q76FN3S": 1763107617.72753, "0000000000XGR6681JE4KAMGQ4": 1763107617.7380905, "0000000000PRN1KS2Y7GM21N1M": 1763107617.7493768, "00000000003BK1SMHBEN2G61SY": 1763107617.761039, "0000000000BT9RWPHJMY4DN332": 1763107617.7712314, "0000000000R6VC49F6XR5EHH19": 1763107617.782179, "0000000000C64J8BJZEH5NV39Z": 1763107617.7937286, "00000000008JRYETMCZHHH4SX7": 1763107630.7755504, "0000000000DTSA721699AKMCTT": 1763107631.0052764}