{"00000000004NPJ309R854DFMDY": 1762549777.0682118, "0000000000S61QZDN5PH1N963A": 1762549777.1302574, "000000000051RXRPX6XKAP9JJJ": 1762549777.1424425, "0000000000P5E72Z4P2AW4E2PW": 1762549777.1603947, "0000000000ZJDBNVPGPD58445K": 1762549777.1813385, "00000000005766DGZW0ZHFC44Y": 1762549777.2411795, "0000000000BV48RDVG1ZYK3DWM": 1762549777.2482302, "00000000003C06JTHHJPTHB6KC": 1762549777.2531466, "0000000000MTYYJ71R1QC7F46Z": 1762549777.2591312, "0000000000B9QG6FJWZQQYXHZM": 1762549777.2641172, "0000000000CX8354J0PDRAZDG4": 1762549777.2691033, "0000000000MRSS2SW6WWGZ1N6M": 1762549777.2750878, "00000000004C5ZHB3WMZ04TDZX": 1762549777.2810926, "0000000000TXZTEJANA0ESTJJN": 1762549777.2900953, "0000000000270JC4S554VG3Y6Q": 1762549777.295082, "0000000000P5GAWQDYP62BJVRN": 1762549777.3010867, "0000000000QQEJHQ5TNVP876EN": 1762549777.3060734, "0000000000M7ZG0AX959997701": 1762549777.312566, "0000000000M5KCYFRY15KBMWPE": 1762549777.3215427, "0000000000RTJAVFDFT3GPR8HV": 1762549777.3255317, "0000000000GVMM1X7D0GJPZQY4": 1762549777.3295212, "00000000007P8HP6V7GX37XDAW": 1762549777.334507, "0000000000RJV4778QSV7WV8TN": 1762549777.3414884, "0000000000BX9F44VJDM1QD61F": 1762549777.3474727, "000000000004GSCTJC25B3FQ20": 1762549777.392353, "00000000001XMK6F4RCZH4KJ47": 1762549777.3983643, "0000000000A44KEZ8ZAG8AA8KZ": 1762549777.4043207, "0000000000AM98TCGKQKJVABVC": 1762549777.4103048, "00000000003E31C6MHRDCG0MS5": 1762549777.4162886, "0000000000YZ2EB3BAWHMM90KS": 1762549777.4272592, "00000000004AV816HG60C8JM2X": 1762549777.432246, "0000000000QEDZBR99C04Y4380": 1762549777.4383886, "00000000000X4HCRX9J3A72YA0": 1762549777.444214, "000000000002054MK02MCQ3837": 1762549777.4501977, "0000000000KX46K2K54B33BM5E": 1762549777.4561815, "0000000000S5E86H38TRQGDWPK": 1762549777.4601707, "00000000003BEH3FHKJXR6F1J7": 1762549777.4921362, "000000000048AB54TBVZNDR2A2": 1762549777.4991395, "0000000000JQ9Z3GQMCMKTP98W": 1762549777.50913, "0000000000WRGDY8MJH9DJCBTH": 1762549777.5161126, "00000000002MK2WCM1AVR5ASXJ": 1762549777.5241141, "0000000000622V5NC5CHRGZ226": 1762549777.5405812, "0000000000CPE9KZX0ZKY788YX": 1762549777.5525496, "0000000000MRVYCNT5J9PWM5WY": 1762549777.5585387, "0000000000CMN89NNPMSQ0DCGY": 1762549777.5625222, "00000000004C2MB0MFHX50P40B": 1762549777.5685058, "00000000000CRX2EW0DASWBYQR": 1762549777.5734932, "0000000000DPK5NZSQRBYBTK8T": 1762549777.5784812, "00000000002PWZ0JM9KTTD1X9K": 1762549777.5834656, "0000000000M1PR85508F24G87D": 1762549777.5885315, "00000000006V879PRB854JRMRC": 1762549777.5934396, "00000000003DEN22VKEDGZGQTH": 1762549777.5982358, "0000000000SY3YQDJPW8V9HP55": 1762549777.603193, "0000000000SX6P2K1M10707Y4R": 1762549777.6086571, "0000000000K10GJJWZ552HEYAQ": 1762549777.6135614, "0000000000EHP6QZFT98VBC8EM": 1762549777.6176653, "00000000001K42CX0Z59D8R632": 1762549777.623644, "00000000003C9BTBEFSD4TZFEW": 1762549777.6283655, "0000000000P98RQCPRQQCJ6008": 1762549777.6333458, "0000000000NR3CCX0Y463M456Z": 1762549947.7231588, "0000000000CJ9WR43T7P19JENH": 1762549948.7500648, "0000000000R23DGRJ3NVTY9A5Q": 1762549949.269076, "0000000000DZ5HRKSVMVC8GVX3": 1762549949.7867932}