{"00000000004NPJ309R854DFMDY": 1762695515.6307347, "0000000000S61QZDN5PH1N963A": 1762695515.660447, "000000000051RXRPX6XKAP9JJJ": 1762695515.665463, "0000000000P5E72Z4P2AW4E2PW": 1762695515.672441, "0000000000ZJDBNVPGPD58445K": 1762695515.677272, "00000000005766DGZW0ZHFC44Y": 1762695515.682259, "0000000000BV48RDVG1ZYK3DWM": 1762695515.6868794, "00000000003C06JTHHJPTHB6KC": 1762695515.690869, "0000000000MTYYJ71R1QC7F46Z": 1762695515.6968534, "0000000000B9QG6FJWZQQYXHZM": 1762695515.702839, "0000000000CX8354J0PDRAZDG4": 1762695515.7076342, "0000000000MRSS2SW6WWGZ1N6M": 1762695515.7126207, "00000000004C5ZHB3WMZ04TDZX": 1762695515.7176216, "0000000000TXZTEJANA0ESTJJN": 1762695515.721611, "0000000000270JC4S554VG3Y6Q": 1762695515.7262049, "0000000000P5GAWQDYP62BJVRN": 1762695515.733209, "0000000000QQEJHQ5TNVP876EN": 1762695515.7375076, "0000000000M7ZG0AX959997701": 1762695515.7434916, "0000000000M5KCYFRY15KBMWPE": 1762695515.748107, "0000000000RTJAVFDFT3GPR8HV": 1762695515.7530763, "0000000000GVMM1X7D0GJPZQY4": 1762695515.7580798, "00000000007P8HP6V7GX37XDAW": 1762695515.7660415, "0000000000RJV4778QSV7WV8TN": 1762695515.772047, "0000000000BX9F44VJDM1QD61F": 1762695515.7770984, "000000000004GSCTJC25B3FQ20": 1762695515.7953546, "00000000001XMK6F4RCZH4KJ47": 1762695515.8033555, "0000000000A44KEZ8ZAG8AA8KZ": 1762695515.8088787, "0000000000AM98TCGKQKJVABVC": 1762695515.814841, "00000000003E31C6MHRDCG0MS5": 1762695515.8198287, "0000000000YZ2EB3BAWHMM90KS": 1762695515.826578, "00000000004AV816HG60C8JM2X": 1762695515.8325615, "0000000000QEDZBR99C04Y4380": 1762695515.8384671, "00000000000X4HCRX9J3A72YA0": 1762695515.8434706, "000000000002054MK02MCQ3837": 1762695515.849021, "0000000000KX46K2K54B33BM5E": 1762695515.8530114, "0000000000S5E86H38TRQGDWPK": 1762695515.8589778, "00000000003BEH3FHKJXR6F1J7": 1762695515.8639812, "000000000048AB54TBVZNDR2A2": 1762695515.869966, "0000000000JQ9Z3GQMCMKTP98W": 1762695515.8752823, "0000000000WRGDY8MJH9DJCBTH": 1762695515.880282, "00000000002MK2WCM1AVR5ASXJ": 1762695515.8861237, "0000000000622V5NC5CHRGZ226": 1762695515.8911104, "0000000000CPE9KZX0ZKY788YX": 1762695515.8961465, "0000000000MRVYCNT5J9PWM5WY": 1762695515.9011319, "0000000000CMN89NNPMSQ0DCGY": 1762695515.9067788, "00000000004C2MB0MFHX50P40B": 1762695515.9127626, "00000000000CRX2EW0DASWBYQR": 1762695515.9177668, "0000000000DPK5NZSQRBYBTK8T": 1762695515.923754, "00000000002PWZ0JM9KTTD1X9K": 1762695515.9280455, "0000000000M1PR85508F24G87D": 1762695515.9340122, "00000000006V879PRB854JRMRC": 1762695515.9401188, "00000000003DEN22VKEDGZGQTH": 1762695515.9451108, "0000000000SY3YQDJPW8V9HP55": 1762695515.9500792, "0000000000SX6P2K1M10707Y4R": 1762695515.955246, "0000000000K10GJJWZ552HEYAQ": 1762695515.9602456, "0000000000EHP6QZFT98VBC8EM": 1762695515.9652212, "00000000001K42CX0Z59D8R632": 1762695515.9709015, "00000000003C9BTBEFSD4TZFEW": 1762695515.9758825, "0000000000P98RQCPRQQCJ6008": 1762695515.9818487, "0000000000XGR6681JE4KAMGQ4": 1762695516.0049424, "0000000000PRN1KS2Y7GM21N1M": 1762695516.0104089, "00000000003BK1SMHBEN2G61SY": 1762695516.0150282, "0000000000BT9RWPHJMY4DN332": 1762695516.0303426, "0000000000R6VC49F6XR5EHH19": 1762695516.0368729, "0000000000C64J8BJZEH5NV39Z": 1762695516.0428643, "0000000000NR3CCX0Y463M456Z": 1762695666.4370186, "0000000000CJ9WR43T7P19JENH": 1762695667.4673269, "0000000000R23DGRJ3NVTY9A5Q": 1762695667.9994738, "0000000000DZ5HRKSVMVC8GVX3": 1762695668.5298495, "0000000000SXHTEFQ0J5GE6ADF": 1762695761.985316, "000000000062CWWE9CPHQMXX5F": 1762695762.0170147, "00000000007X73TZSQB59FQGWJ": 1762695762.023996, "00000000006WPGKD39M28PE0KY": 1762695762.0349672, "0000000000GRZ6QRHD0Q76FN3S": 1762695762.0409515, "0000000000AZMRKH4HWGFGYPBZ": 1762695766.3229635, "0000000000FEV8K20FMN6V4Y3R": 1762695786.7222261, "000000000028YSKAWFRGXK4EZS": 1762695786.9675984, "0000000000QPQHXJHKTHGSX078": 1762695805.919893, "0000000000Y2W9XTCQFYWKQWX7": 1762695823.9260166, "0000000000J9MAQM594TS9FXYJ": 1762695832.6959066, "0000000000X6KQH2QND8XQNH7B": 1762695833.2215257, "00000000005Q5TNN0NC3SRQCP9": 1762695845.9367166, "0000000000QPEC7TBZ6HKA2Z0V": 1762695845.9653442, "000000000047HCHE59NSFY9BDD": 1762695845.9962432, "0000000000TY2PJ6S7NGDWGPC1": 1762695856.6778898, "00000000002H3829F35SGCDXQ8": 1762695857.1988525, "0000000000HB7MA7ZMN94VD6FA": 1762695857.749562, "00000000003PA8PP21FVE318HK": 1762695858.2893405, "0000000000EE5AE6F3N8MMDA2V": 1762695858.848371, "00000000007Z3XZSHQHSAH6YJP": 1762695859.3808472, "0000000000J06CG7P6PF3RYVFW": 1762695859.9207098, "0000000000JKZ9QKGQZWKSV02V": 1762695860.4667203, "0000000000B6PYVZ17JK3AHY1R": 1762695861.0109181, "0000000000SJFWR2NS5BRCXSK7": 1762695861.52726, "0000000000JB01SD7MVQ6YN49Y": 1762695862.0328603, "0000000000Y95ABTYEWGBV7HBM": 1762695862.5667422, "00000000002RXR5R87RW1CMZ36": 1762695863.0944905, "0000000000536FFP9PZNHBWPF2": 1762695863.6379883, "0000000000WCPC0V85Y582KCTW": 1762695864.1848266, "0000000000AGECWZR5R0BNN0JC": 1762695864.7280762, "0000000000BVDVQS5XHA62T8E8": 1762695865.2368047, "0000000000Z2Q5RX1S3QZRAMSH": 1762695865.767802, "00000000004F8QTG9P5FHV6ANA": 1762695866.28327, "0000000000V717WMQPJQ5XTBRT": 1762695866.8153284, "000000000052JB60ABQVY6PQWF": 1762695867.3720732, "0000000000TYWAS2Z0VX43Y735": 1762695867.9803684, "0000000000KYFFYYRZWK1HGRK3": 1762695868.5238752, "00000000004KTNS884BXSFMKXG": 1762695869.0339372, "0000000000RHSNEBXBRAXCR1BE": 1762695869.5697718, "0000000000HGAN7Z7VHPPJ9KF6": 1762695870.1079023, "0000000000VXKX9F374HS8QK01": 1762695870.6357973, "0000000000EYVJQBYGRKRJ3STF": 1762695871.2055995, "0000000000J44KBJGCJ0F37QFE": 1762695871.7530487, "000000000085THD6G92HDV23M4": 1762695872.331959, "0000000000ZNGWDDAM5MQCC2YT": 1762695872.8469903, "0000000000T3Y8KBNG04716J79": 1762695873.3735693, "00000000003GNRH7GBPR2DFC0V": 1762695873.9338331, "00000000003X2DJXJ5H5835Q81": 1762695874.4705856, "00000000004JS8SRR209M06EWT": 1762695875.062025, "000000000011XY8AVK447XY1QB": 1762695875.6081371, "0000000000T3GKEQ7MXZGAGT2R": 1762695876.1650186, "00000000001DDWKCFGCJH4DQD8": 1762695876.6737807, "00000000005QDWVKZMVBE8VJHS": 1762695877.1920104, "00000000004MWPA4QA52GSS734": 1762695877.703141, "0000000000E4C8J7JQDMK5M5Q7": 1762695878.294218, "0000000000NFXMCC8ZTAJ8WCK5": 1762695878.8669448, "0000000000Q67RFSCK1TPMZBME": 1762695879.4361658, "0000000000ES7P2342BK6BA4RE": 1762695879.9637778, "0000000000Q7XXREA22E7Z7ETY": 1762695880.4936435, "0000000000Z6486VM8HPDQAPW5": 1762695881.00569, "0000000000ZJ7315H2V47Q5CZN": 1762695881.549309, "00000000007BSTT0XEX1XENMWM": 1762695882.0649018, "0000000000CPJ46W4M9P62S4VB": 1762695882.5952666, "0000000000HRCGB2AEDDHMW841": 1762695883.1990669, "0000000000WSAHMXWZERZPW7Z2": 1762695883.7278392, "0000000000Q729V52YH237FP0M": 1762695884.373468, "0000000000XYAW76AQGPEM99R8": 1762695884.9090064, "0000000000PP7DB6Z28AD04T9P": 1762695885.463489, "0000000000A7JBHAGTA6HC3CE2": 1762695885.9903755, "0000000000554DZAW5BKAZCN14": 1762695886.5194156, "00000000000MNZDDGJPX8ZD18A": 1762695887.037195, "0000000000HP6YC1XMZSQWPDFP": 1762695887.5507114, "00000000009EANHA06SWK364JM": 1762695888.0633357, "00000000007NR673DR81V2H5YY": 1762695888.5770788, "0000000000M33MSHX7HKHR1K9F": 1762695889.201503, "0000000000TFCGY9S706CQ1WY6": 1762695889.7440057, "0000000000RRZQADEJZXPG6463": 1762695890.2551417, "0000000000AV8XBAQ6WX3RDFKP": 1762695890.7829137, "0000000000XJ7ZTFJ6GGCNSHTW": 1762695891.3403747, "00000000000H4NSCYYVFJNX75G": 1762695891.8640225, "000000000025ZM4M956BRM74HV": 1762695892.3964505, "0000000000AG32T6TG7QZV9RHH": 1762695892.9341938, "0000000000B7DCSN15X32HDEHZ": 1762695893.4782276, "00000000008P7MSH6TEEGEJ9B4": 1762695894.0061963, "00000000003J0G38FFP5CET2MK": 1762695894.513125, "0000000000RZKE7X9N3763RTVG": 1762695895.059295, "0000000000MB70ZXMGFJN60DJJ": 1762695895.598475, "00000000002J6MX7QWMWWJB8RR": 1762695896.125707, "00000000002XSBXH1KS5KZV8D0": 1762695896.6850977, "00000000005DX20SEQS1QYSNAP": 1762695897.2146862,